Passanger_ID,Passanger_Name,OTP,Journey
1,Ajit,1025,"Naranpura-Kalupur Railway Station"
2,Divita,4259,Memnagar-Airport
3,Ajay,7250,Ahmedabad-Baroda
4,Vrijesh,1470,Ahmedabad-Rajkot
5,Bina,2056,Airport-Shivranjani
6,Vidit,1723,"Airport-Gift City"
7,Binit,4761,Ahmedabad-Mumbai
8,Julie,2583,Naranpura-Airport
9,Vijay,4250,"Vile Parle-Sahar Airport"
10,Davisha,1780,Borivali-Malad
